Black_and_white,,,
Activity,,,
Activity_Facility,,,
Adult,,,
Adventure_Sport,,,
Air_Sport,,,
Air_Travel_Facility,,,
Air_Vehicle,,,
Airplane,,,
Airport,,,
Airport_Terminal,,,
Ambulance,,,
American_Football,,,
Amphibian,,,
Amphitheatre,,,
Amusement_Arcade,,,
Anechoic_Chamber,,,
Animal,,,
Animal_Sport,,,
Animal_Tending,,,
Apple_Pie,,,
Appliance,,,
Aquarium,,,
Aqueduct,,,
Arachnid,,,
Archery,,,
Art_Gallery,,,
Arthropod,,,
Assembly_Plant,,,
Athletic_Facility,,,
Auditorium,,,
Auto_Factory,,,
Auto_Racing,,,
Auto_Track_Racing,,,
Baby,,,
Baby_Back_Ribs,,,
Badminton,,,
Baggage_Claim,,,
Bakery_Shop,,,
Baklava,,,
Baleen_Whale,,,
Ball_Pit,,,
Ballooning,,,
Ballroom_or_Disco,,,
Banners,,,
Bar,,,
Barn,,,
Barrel_Storage,,,
Base_Jumping,,,
Baseball,,,
Baseball_Stadium,,,
Basketball,,,
Bat,,,
Bat_Sport,,,
Bayou,,,
Beach,,,
Beach_Volleyball,,,
Bear,,,
Beauty_Salon,,,
Beef_Carpaccio,,,
Beef_Tartare,,,
Beet_Salad,,,
Beignets,,,
Belt,,,
Beverage,,,
Biathlon,,,
Bibimbap,,,
Bicycle,,,
Big_Group,,,
Bike,,,
Bird,,,
Birthday_Party,,,
Bison,,,
Bisque,,,
Black,,,
Blow_Dryer,,,
Blue,,,
Blue_Sky,,,
BMX,,,
Boat,,,
Boathouse,,,
Boating,,,
Bobsledding,,,
Bottle,,,
Bottle_Storage,,,
Boxing,,Whale,_Dolphin_or_Porpoise
Bracelet,,,
Bread_Pudding,,,
Breadstuff,,,
Bridge,,,
Brown,,,
Bruschetta,,,
Buffalo,,,
Bull_Fighting,,,
Bungee_Jumping,,,
Burning,,,
Burrito,,Seal,_Sea_Lion_or_Walrus
Bus,,,
Business_Space,,,
Butterfly,,,
Caesar_Salad,,,
Cake,,,
Camel,,,
Camel_Racing,,,
Camping,,,
Campsite,,,
Candle,,,
Cannoli,,,
Canoe_Kayak,,,
Canyons_and_Rock_Formations,,,
Capitol,,,
Capitol,,,
Caprese_Salad,,Rabbit,_Pika_or_Hare
Car,,,
Cargo_Ship,,,
Carpenter_Plane,,,
Carrot_Cake,,,
Carrousel,,,
Casino,,,
Castle,,,
Cat,,,
Catacomb,,,
Celebration,,,
Cemetery,,,
Centipede,,,
Ceviche,,,
Chart,,,
Cheese_Plate,,,
Cheesecake,,,
Chicken_Curry,,,
Chicken_Quesadilla,,,
Chicken_Wings,,,
Child,,,
Child_Room,,,
Chimpanzee,,,
Chipmunk,,,
Chips,,,
Chocolate_Cake,,,
Chocolate_Mousse,,,
Chocolate_Mousse,,,
Churros,,,
Clam_Chowder,,,
Classroom,,,
Cliff,,,
Cliff_Diving,,,
Climbing,,,
Closet,,,
Closet_or_Cupboard,,,
Clothing,,,
Clothing_Store,,,
Club_Sandwich,,,
Club_Sport,,,
Coat,,,
Cockpit,,,
Cockroach,,,
Coffee_Maker,,,
Color,,,
Combat_Sport,,,
Commercial_Plane,,,
Computer_Room,,,
Concert,,,
Conference_Room,,,
Construction_Site,,,
Coral_Reef,,,
Cormorant,,,
Corn_Field,,,
Corridor,,,
Cougar,,,
Cow,,,
Crab,,,
Crab_Cakes,,,
Creek,,,
Creme_Brulee,,,
Crevasse,,,
Crew,,,
Cricket,,,
Crocodile,,,
Croque_Madame,,,
Croquet,,,
Crosswalk,,,
Crowd,,,
Crustacean,,,
Cup_Cake,,,
Custard,,,
Cyan,,,
Cycling,,,
Dancing,,,
Deep_Sea_Fishing,,,
Demonstration,,,
Desert,,,
Deviled_Eggs,,,
Dining_Room,,,
Dip,,,
Discotheque,,,
Dish_Washer,,,
Disturbance,,,
Diving,,,
Dog,,,
Dog_Racing,,,
Dog_Sled_Racing,,,
Dolphin,,,
Donkey,,,
Donuts,,,
Downhill_Skiing,,,
Dragonboat,,,
Dragonboating,,,
Dress,,,
Drugstore,,,
Duck,,,
Dumplings,,,
Earrings,,,
Earthquake,,,
Eatery_Space,,,
Eating,,,
Edamame,,,
Egg_Dish,,,
Eggs_Benedict,,,
Eiffel_Tower,,,
Electric_Fan,,,
Elephant,,,
Elk,,,
Emu,,,
Engine_or_Control_Room,,,
Engine_Room,,,
Equestrian,,,
Escalator,,,
Escargots,,,
Even_Toed_Ungulate,,,
Excavation,,,
Exhibition_Hall,,,
Explosion,,,
Eyeglasses,,,
Face,,,
Face_(closeup),,,
Falafel,,,
Fashion_Accessory,,,
Female_Adult,,,
Field,,,
Field_Hockey,,,
Figure_Skating,,,
Filet_Mignon,,,
Fire_Truck,,,
Fireworks,,,
Fireworks,,,
Fish,,,
Fish_and_Chips,,,
Fishing,,,
Fist_Fighting,,,
Flag_Burning,,,
Flamingo,,,
Flood,,,
Flower,,,
Flower_Scene,,,
Fly,,,
Foie_Gras,,,
Food,,,
Food_Court,,,
Food_or_Beverage,,,
Food_Processor,,,
Football,,,
Football_Stadium,,,
Forest,,,
Forest_Path,,,
Forest_Road,,,
Fox,,,
Fox_Hunting,,,
French_Fries,,,
French_Onion_Soup,,,
French_Toast,,,
Fried_Calamari,,,
Fried_Rice,,,
Frisbee,,,
Frog,,,
Frost,,,
Frozen_Waterbody,,,
Full_Body,,,
Garage,,,
Garbage_Disposal,,,
Garbage_Dump_Site,,,
Garlic_Bread,,,
Gas_Station,,,
Gazebo,,,
Gerenuk,,,
Giraffe,,,
Girl,,,
Gnocchi,,,
Golden_Gate_Bridge,,,
Golf,,,
Golf_Course,,,
Goose,,,
Graduation,,,
Graphics,,,
Grasshopper,,,
Gray,,,
Gray_Sky,,,
Greco_Roman_Wrestling,,,
Greek_Salad,,,
Green,,,
Greenery,,,
Greenhouse,,,
Grilled_Cheese_Sandwich,,,
Grilled_Salmon,,,
Group_of_People,,,
Guacamole,,,
Guitar,,,
Gym,,,
Gymnastics,,,
Gyoza,,,
Hamburger,,,
Handbag,,,
Handball,,,
Hands,,,
Hang_Gliding,,,
Harbor,,,
Hat,,,
Hayfield,,,
Head_and_Shoulders,,,
Headphones,,,
Heavy_Truck,,,
Hedgehog,,,
Helicopter,,,
Heliport,,,
High_Jump,,,
Highway,,,
Hippo,,,
Historical_Structure,,,
Hollywood,,,
Horse,,,
Horse_Racing,,,
Horse_Sport,,,
Hot_Air_Balloon,,,
Hot_and_Sour_Soup,,,
Hot_Dog,,,
Hot_Plate,,,
Hot_Spring,,,
Huevos_Rancheros,,,
Human,,,
Hummingbird,,,
Hummus,,,
Hunting,,,
Hurdles,,,
Hurling,,,
Ibis,,,
Ice_Climbing,,,
Ice_Cream_or_Frozen_Yogurt,,,
Ice_Hockey,,,
Ice_Maker,,,
Ice_Scene,,,
Ice_Skating,,,
Ice_Skating_Rink,,,
Ice_Sport,,,
Iceberg,,,
Icicles,,,
Iguana,,,
Indoor_Ice_Skating_Rink,,,
Indoor_Shopping__Mall,,,
Indoor_Swimming_Pool,,,
Indoor_Volleyball,,,
Indoors,,,
Industrial_Scene,,,
Industrial_Space,,,
Insect,,,
Invertebrate,,,
Jail,,,
Javelin,,,
Jet_Ski,,,
Jet_Skiing,,,
Jewel,,,
Judo,,,
Kangaroo,,,
Karate,,,
Kayaking,,,
Kickboxing,,,
Kindergarten_Classroom,,,
Kitchen,,,
Knife,,,
Koala,,,
Lacrosse,,,
Lamp,,,
Land_Sailing,,,
Land_Vehicle,,,
Landing_Deck,,,
Landmark,,,
Lasagna,,,
Laundromat,,,
Laundry_Room,,,
Leisure_Activity,,,
Leisure_Swimming,,,
Lemur,,,
Leopard,,,
Light_Truck,,,
Lighthouse,,,
Lightning,,,
Lion,,,
Living_Room,,,
Lobster_Bisque,,,
Lobster_Roll_Sandwich,,,
Locker_Room,,,
Log_Cabin,,,
Long_Jump,,,
Macaroni_and_Cheese,,,
Macaroons,,,
Magenta,,,
Male_Adult,,,
Mammal,,,
Man_Made_Scene,,,
Manatee,,,
Mantis,,,
Market,,,
Marsupial,,,
Martial_Art,,,
Meat_Dish,,,
Meat_Eater,,,
Medical_Space,,,
Meeting,,,
Meter,,,
Microwave,,,
Military_Parade,,,
Military_Plane,,,
MiniVan,,,
Miriapod,,,
Miso_Soup,,,
Mixed_Color,,,
Mixed_Type,,,
Mollusk,,,
Monkey,,,
Motor_Sport,,,
Motorbike_Racing,,,
Motorcycle,,,
Mountain_Scene,,,
Mountains,,,
Mud_Wrestling,,,
Mug,,,
Musical_Instrument,,,
Mussels,,,
Nachos,,,
Natural_Activity,,,
Nature_Scene,,,
Neckless,,,
News_Studio,,,
Night_Sky,,,
Non_Activity,,,
Non_Human,,,
Non_Landmark,,,
Non_Object,,,
Non_Photo,,,
Non_Scene,,,
Non_Sky_Scene,,,
Noodles,,,
Nursery,,,
Object,,,
Ocean_(waves),,,
Octopus,,,
Odd_Toed_Ungulate,,,
Off_Road_Auto_Racing,,,
Oilrig,,,
Okapi,,,
Omelette,,,
Onion_Rings,,,
Orange,,,
Orchard,,,
Ostrich,,,
Outdoors,,,
Oven,,,
Owl,,,
Oysters,,,
Pad_Thai,,,
Paella,,,
Pancakes,,,
Panda,,,
Panna_Cotta,,,
Pantry,,,
Parachuting,,,
Parade,,,
Parasailing,,,
Park,,,
Parking_Lot,,,
Parkour,,,
Passageway,,,
Passenger_Ship,,,
Pasta,,,
Peacock,,,
Peking_Duck,,,
Penguin,,,
People,,,
People_Activity,,,
Performance_Space,,,
Performing,,,
Person,,,
Person_View,,,
Pho,,,
Photo,,,
Piano,,,
Pigeon,,,
Pizza,,,
Placental_Mammal,,,
Platform_Diving,,,
Playground,,,
Playroom,,,
Plaza,,,
Pliers,,,
Pole_Vault,,,
Polo,,,
Porcupine,,,
Pork_Chop,,,
Potatoes,,,
Poutine,,,
Power_Boating,,,
Powerboat_Racing,,,
Primate,,,
Prime_Rib,,,
Professional_Wrestling,,,
Public_Building,,,
Public_Transportation_Space,,,
Pudding_or_Custard,,,
Pulled_Pork_Sandwich,,,
Pyramid,,,
Pyramids,,,
Rabbit,,,
Rabbit,,,
Race_Car,,,
Racecourse,,,
Raceway,,,
Racoon,,,
Racquet_Sport,,,
Racquetball,,,
Rafting,,,
Rail_Travel_Scene,,,
Rainbow,,,
Ram,,,
Ramen,,,
Ravioli,,,
Red,,,
Red_Velvet_Cake,,,
Refinery,,,
Refrigerator,,,
Repairing,,,
Reptile,,,
Residential_Space,,,
Rhino,,,
Rice_Dish,,,
Rice_Paddy,,,
Riot,,,
Risotto,,,
Road,,,
Road_Racing,,,
Road_Traffic_Scene,,,
Rock_Arch,,,
Rodent,,,
Rodeo,,,
Rollerskating,,,
Rooster,,,
Rowing,,,
Rugby,,,
Running,,,
Rural_Building,,,
Rural_Scene,,,
Sail_Wagon,,,
Sailboard,,,
Sailboat,,,
Sailing,,,
Sailing_Ship,,,
Salad,,,
Samosa,,,
Sandwich,,,
Sashimi,,,
Sauna,,,
Sawhorse,,,
Scallops,,,
Scene,,,
Scissors,,,
Scorpion,,,
Scuba,,,
Scull,,,
Sea_Cow,,,
Sea_Lion,,,
Seafood,,,
Seahorse,,,
Seal,,,
Seaweed_Salad,,,
Sedan,,,
Sewing_Machine,,,
Sewing_Room,,,
Ship,,,
Shoes,,,
Shot_Put,,,
Shrimp_and_Grits,,,
Skateboarding,,,
Skatepark,,,
Ski_Jumping,,,
Skibob,,,
Skiing,,,
Skirt,,,
Skunk,,,
Sky_Diving,,,
Sky_Scene,,,
Skyline,,,
Skyline_(day),,,
Skyline_(night),,,
Slalom,,,
Sled,,,
Sledding,,,
Sloth,,,
Slum,,,
Small_Group,,,
Small_Plane,,,
Smoke,,,
Snack_Food,,,
Snake,,,
Snooker,,,
Snorkeling,,,
Snow_Scene,,,
Snow_Sport,,,
Snow_Vehicle,,,
Snowboarding,,,
Snowy_Mountains,,,
Soccer,,,
Softball,,,
Soup,,,
Spaghetti,,,
Spaghetti_Bolognese,,,
Spaghetti_Carbonara,,,
Speed_Boat,,,
Speed_Skating,,,
Speed_Swimming,,,
Spelunking,,,
Sports,,,
Sports_Field,,,
Spring_Rolls,,,
Squash_Court,,,
Statue_of_Liberty,,,
Steak,,,
Stick_Sport,,,
Store,,,
Storm,,,
Stove,,,
Strawberry_Shortcake,,,
Street_Scene,,,
Substation,,,
Subway_Interior,,,
Subway_Platform,,,
Sumo,,,
Sunglasses,,,
Sunset,,,
Supermarket,,,
Surf_Casting,,,
Surface_Water_Sport,,,
Surfboard,,,
Surfing,,,
Sushi,,,
SUV,,,
Swamp,,,
Swan,,,
Sweet_Breakfast,,,
Sweet_Treat,,,
Swimming,,,
Swimming_Pool,,,
Swimsuit,,,
Synchronized_Swimming,,,
Table_Tennis,,,
Tacos,,,
Tae_Kwando,,,
Taj_Mahal,,,
Takoyaki,,,
Team_Field_Sport,,,
Team_Indoor_Sport,,,
Team_Sport,,,
Temple_Of_Heaven,,,
Tennis,,,
Tennis_Court,,,
Tick,,,
Tiger,,,
Tiramisu,,,
Toaster,,,
Toaster_Oven,,,
Tobogganing,,,
Toll_Plaza,,,
Tool,,,
Toothed_Whale,,,
Toothless_Mammal,,,
Tornado,,,
Tortilla_Chip,,,
Track,,,
Track_and_Field,,,
Track_Scene,,,
Train,,,
Trouser,,,
Truck,,,
Tuna_Tartare,,,
Turtle,,,
Two_People,,,
Underwater,,,
Underwater_Sport,,,
Underwear,,,
Urban_Building,,,
Urban_Canal,,,
Urban_Scene,,,
Vacuum_Cleaner,,,
Vehicle,,,
Velodrome,,,
Vertebrate,,,
Viaduct,,,
Violet,,,
Vise,,,
Vivarium,,,
Volcano,,,
Waffle_Iron,,,
Waffles,,,
Wallet,,,
Walrus,,,
War_Ship,,,
Warehouse,,,
Washer_and_Dryer,,,
Watch,,,
Water_Polo,,,
Water_Scene,,,
Water_Sport,,,
Water_Structure,,,
Water_Tower,,,
Water_Vehicle,,,
Waterfall,,,
Waterscape,,,
Waterskiing,,,
Wedding,,,
Whale,,,
Wheat_Field,,,
White,,,
Whitehouse,,,
Whitehouse,,,
Whitewater_Raft,,,
Wild_Cat,,,
Wild_Fire,,,
Wind_Farm,,,
Windmill,,,
Windsurfing,,,
Winter_Scene,,,
Winter_Sport,,,
Wombat,,,
Wrestling,,,
Yellow,,,
Zebra,,,
Zoo,,,
